{
    "name": "root",
    "metadata": {
        "timer_format_version": "0.1.0",
        "start_time_seconds": "1746997193",
        "python_version": "3.9.13 (tags/v3.9.13:6de2ca5, May 17 2022, 16:36:42) [MSC v.1929 64 bit (AMD64)]",
        "command_line_arguments": "C:\\Users\\okomh\\Documents\\2ITCSC2\\Semester_2\\Vr_experience\\jumper-assignment-swazzyb12\\.venv\\Scripts\\mlagents-learn config/jumper_config.yaml --resume --run-id=JumperAgent_Run1",
        "mlagents_version": "0.30.0",
        "mlagents_envs_version": "0.30.0",
        "communication_protocol_version": "1.5.0",
        "pytorch_version": "2.1.0+cpu",
        "numpy_version": "1.21.2",
        "end_time_seconds": "1746997218"
    },
    "total": 25.0430532,
    "count": 1,
    "self": 0.0051701000000008435,
    "children": {
        "run_training.setup": {
            "total": 0.12095870000000009,
            "count": 1,
            "self": 0.12095870000000009
        },
        "TrainerController.start_learning": {
            "total": 24.9169244,
            "count": 1,
            "self": 0.04681760000010016,
            "children": {
                "TrainerController._reset_env": {
                    "total": 8.7728001,
                    "count": 1,
                    "self": 8.7728001
                },
                "TrainerController.advance": {
                    "total": 15.999132099999903,
                    "count": 2315,
                    "self": 0.0460677000000107,
                    "children": {
                        "env_step": {
                            "total": 15.240050399999987,
                            "count": 2315,
                            "self": 13.04383819999998,
                            "children": {
                                "SubprocessEnvManager._take_step": {
                                    "total": 2.1694372000000097,
                                    "count": 2315,
                                    "self": 0.1056075999999706,
                                    "children": {
                                        "TorchPolicy.evaluate": {
                                            "total": 2.063829600000039,
                                            "count": 2221,
                                            "self": 2.063829600000039
                                        }
                                    }
                                },
                                "workers": {
                                    "total": 0.026774999999997107,
                                    "count": 2314,
                                    "self": 0.0,
                                    "children": {
                                        "worker_root": {
                                            "total": 15.73598639999996,
                                            "count": 2314,
                                            "is_parallel": true,
                                            "self": 5.779323899999875,
                                            "children": {
                                                "steps_from_proto": {
                                                    "total": 0.0005623999999997409,
                                                    "count": 1,
                                                    "is_parallel": true,
                                                    "self": 0.00024999999999941735,
                                                    "children": {
                                                        "_process_rank_one_or_two_observation": {
                                                            "total": 0.00031240000000032353,
                                                            "count": 2,
                                                            "is_parallel": true,
                                                            "self": 0.00031240000000032353
                                                        }
                                                    }
                                                },
                                                "UnityEnvironment.step": {
                                                    "total": 9.956100100000086,
                                                    "count": 2314,
                                                    "is_parallel": true,
                                                    "self": 0.1700266000000994,
                                                    "children": {
                                                        "UnityEnvironment._generate_step_input": {
                                                            "total": 0.14526999999997336,
                                                            "count": 2314,
                                                            "is_parallel": true,
                                                            "self": 0.14526999999997336
                                                        },
                                                        "communicator.exchange": {
                                                            "total": 9.089330700000014,
                                                            "count": 2314,
                                                            "is_parallel": true,
                                                            "self": 9.089330700000014
                                                        },
                                                        "steps_from_proto": {
                                                            "total": 0.5514727999999991,
                                                            "count": 2314,
                                                            "is_parallel": true,
                                                            "self": 0.3379182000000256,
                                                            "children": {
                                                                "_process_rank_one_or_two_observation": {
                                                                    "total": 0.2135545999999735,
                                                                    "count": 4628,
                                                                    "is_parallel": true,
                                                                    "self": 0.2135545999999735
                                                                }
                                                            }
                                                        }
                                                    }
                                                }
                                            }
                                        }
                                    }
                                }
                            }
                        },
                        "trainer_advance": {
                            "total": 0.7130139999999052,
                            "count": 2314,
                            "self": 0.05228079999983315,
                            "children": {
                                "process_trajectory": {
                                    "total": 0.23260910000007406,
                                    "count": 2314,
                                    "self": 0.23260910000007406
                                },
                                "_update_policy": {
                                    "total": 0.428124099999998,
                                    "count": 1,
                                    "self": 0.2561339999999852,
                                    "children": {
                                        "TorchPPOOptimizer.update": {
                                            "total": 0.1719901000000128,
                                            "count": 24,